Time,Y
0,3.639382
0.01,3.616479
0.02,3.684588
0.03,3.850293
0.04,4.163442
0.05,4.45309
0.06,4.577032
0.07,4.654571
0.08,4.713398
0.09,4.641248
0.1,4.550836
0.111,4.434828
0.121,4.210295
0.131,3.989653
0.141,3.849245
0.151,3.861071
0.161,3.92873
0.171,3.988157
0.181,4.030069
0.191005126953125,4.070336
0.201,4.117039
0.211,4.223467
0.221,4.27047
0.231,4.214037
0.240994873046875,4.168681
0.251,4.123176
0.261,4.074228
0.271,4.054319
0.281,4.110003
0.291,4.161646
0.301,4.171076
0.311,4.167484
0.321,4.181405
0.331,4.14982
0.341,4.149521
0.351,4.153263
0.361,4.175267
0.371,4.123176
0.381,4.080215
0.391,4.05372
0.402,4.047134
0.412,4.038153
0.422,3.966302
0.432,3.954028
0.442,3.977529
0.452,4.01076
0.462,4.053121
0.472,4.117637
0.482,4.121978
0.492,4.118685
0.502,4.169729
0.512,4.210594
0.522,4.176315
0.532,4.00088
0.542,3.98157
0.552,3.948938
0.561994873046875,3.831283
0.572,3.782933
0.582,4.019292
0.592,4.503385
0.602,4.742288
0.612,4.831203
0.622,4.699777
0.632,4.288432
0.642,3.934568
0.652,3.838318
0.662,3.787125
0.672,3.608696
0.682,3.595673
0.693,3.670517
0.703,3.504213
0.713,3.272944
0.723,3.149451
0.733,3.118166
0.743,3.257526
0.753,3.564987
0.763,3.766168
0.773,3.856281
0.783,3.93831
0.793,3.96705
0.803,3.88547
0.813,3.831582
0.823,3.774551
0.833,3.704047
0.843,3.666176
0.853,3.727698
0.863,3.708987
0.873,3.676505
0.883,3.605403
0.893,3.536845
0.903,3.553011
0.913,3.556604
0.923,3.536695
0.933,3.48625
0.943,3.357817
0.953,3.316952
0.963,3.318449
0.973,3.295098
0.984,3.276686
0.994,3.244802
1.004,3.239414
1.014,3.238216
1.024,3.297044
1.034,3.293002
1.044,3.320994
1.054,3.346441
1.064,3.342998
1.074,3.333119
1.084,3.328329
1.094,3.324287
1.104,3.341651
1.114,3.380121
1.124,3.41425
1.134,3.449277
1.144,3.451523
1.154,3.442392
1.164,3.400179
1.174,3.339106
1.184,3.31785
1.194,3.337759
1.204,3.327131
1.214,3.290008
1.224,3.281177
1.234,3.32279
1.244,3.382217
1.254,3.426674
1.264,3.442541
1.275,3.408562
1.285,3.436254
1.295,3.460504
1.305,3.476221
1.315,3.465743
1.325,3.456313
1.335,3.443739
1.345,3.388204
1.355,3.343747
1.365,3.38521
1.375,3.426225
1.385,3.469635
1.395,3.464246
1.405,3.397934
1.415,3.422932
1.425,3.417244
1.435,3.396287
1.445,3.4141
1.455,3.410508
1.465,3.409161
1.475,3.480412
1.485,3.424429
1.495,3.446134
1.505,3.376678
1.515,3.388653
1.525,3.373984
1.535,3.411107
1.545,3.467539
1.555,3.468288
1.566,3.442242
1.576,3.523074
1.586,3.602708
1.596,3.593577
1.606,3.462749
1.616,3.364703
1.626,3.335813
1.636,3.234174
1.646,3.147505
1.656,3.201243
1.666,3.2219
1.676,3.314557
1.686,3.456762
1.696,3.566933
1.706,3.579955
1.716,3.560496
1.726,3.563041
1.736,3.60166
1.746,3.580854
1.756,3.500471
1.766,3.273393
1.776,3.103197
1.786,3.195255
1.796,3.318749
1.806,3.365901
1.816,3.578758
1.826,4.17422
1.836,4.603677
1.846,4.59739
1.857,4.503535
1.867,4.324657
1.87699487304688,4.107009
1.887,4.057313
1.897,4.209546
1.907,4.254453
1.917,4.103866
1.927,4.26538
1.937,4.302653
1.947,3.523074
1.957,3.223098
1.967,3.159929
1.977,2.993026
1.987,2.969225
1.997,2.963986
2.007,2.713857
2.017,2.552941
2.027,2.555486
2.037,2.882556
2.047,3.479664
2.057,3.414849
2.067,3.388204
2.077,2.852618
2.087,3.166066
2.097,3.248545
2.107,2.556234
2.117,2.300416
2.127,3.190465
2.137,3.974984
2.14800537109375,3.759732
2.158,3.33716
2.168,3.143763
2.178,3.210374
2.188,3.392695
2.19799487304687,3.608696
2.208,3.951782
2.218,4.229155
2.228,4.384233
2.238,4.272266
2.248,4.273613
2.258,4.384233
2.268,4.098327
2.278,3.862418
2.288,3.892056
2.298,4.102219
2.308,4.244274
2.318,4.201613
2.328,3.958818
2.338,3.552712
2.348,3.204536
2.358,2.963238
2.368,2.645748
2.378,2.531685
2.388,2.875969
2.398,3.185077
2.408,3.36126
2.418,3.562142
2.428,3.797004
2.439,4.002527
2.449,4.137845
2.459,4.081413
2.469,4.022735
2.479,4.259393
2.489,4.375701
2.499,4.17886
2.509,3.826642
2.519,3.673511
2.529,3.923042
2.539,4.12108
2.549,3.847898
2.559,3.509452
2.569,3.225493
2.579,2.8851
2.589,2.47645
2.599,2.017505
2.609,1.551673
2.619,1.142275
2.629,0.803379
2.639,0.624501
2.649,0.543969
2.659,0.464484
2.669,0.495769
2.679,0.685724
2.689,0.850382
2.699,1.021626
2.709,1.16847
2.719,1.355282
2.729,1.474584
2.74,1.56275
2.75,1.650468
2.76,1.697919
2.77,1.794169
2.78,1.873654
2.79,1.979484
2.8,2.142644
2.81,2.334845
2.82,2.472109
2.83,2.438878
2.84,2.336042
2.85,2.249073
2.86,2.127226
2.87,1.919009
2.88,1.770219
2.89,1.680256
2.9,1.660647
2.91,1.62547
2.92,1.665586
2.93,1.758543
2.94,1.783541
2.95,1.826651
2.96,1.888922
2.97,1.88024
2.98,1.853895
2.99,1.842518
3,1.800007
3.01,1.788631
3.02,1.810335
3.031,1.769171
3.041,1.733395
3.051,1.723965
3.061,1.695973
3.071,1.66409
3.081,1.639091
3.091,1.637295
3.101,1.600771
3.111,1.555266
3.121,1.545686
3.131,1.531166
3.141,1.494193
3.151,1.448388
3.161,1.421145
3.171,1.386567
3.181,1.393003
3.191,1.449735
3.201,1.496139
3.211,1.521885
3.221,1.55826
3.231,1.603915
3.241,1.613644
3.251,1.629511
3.261,1.665137
3.271,1.733545
3.281,1.767674
3.291,1.764231
3.301,1.789828
3.311,1.814227
3.322,1.815874
3.332,1.776356
3.342,1.739982
3.352,1.729953
3.362,1.712289
3.372,1.742826
3.382,1.787433
3.392,1.81288
3.402,1.90449
3.412,1.939367
3.422,1.895808
3.432,1.866169
3.442,1.849853
3.452,1.853745
3.462,1.937571
3.472,1.994602
3.482,2.056424
3.492,2.111958
3.502,2.162553
3.512,2.195035
3.522,2.246379
3.532,2.353855
3.542,2.537523
3.552,2.736609
3.562,2.977309
3.572,3.155289
3.582,3.188669
3.592,3.222798
3.602,3.175646
3.613,2.953059
3.623,2.749033
3.633,2.45729
3.643,1.992207
3.653,1.646127
3.663,1.592987
3.673,1.664239
3.683,1.757346
3.693,1.765279
3.703,1.598975
3.713,1.504671
3.723,1.329086
3.733,0.981509
3.743,0.664618
3.753,0.42302
3.763,0.314496
3.773,0.379311
3.783,0.372875
3.793,0.244442
3.803,0.032632
3.813,-0.268841
3.823,-0.728236
3.833,-1.052312
3.843,-1.321602
3.85300512695312,-1.787283
3.863,-2.429448
3.873,-2.213297
3.883,-1.941313
3.893,-2.037563
3.904,-1.871259
3.914,-1.497187
3.924,-1.12536
3.934,-0.889899
3.944,-0.655487
3.954,-0.364642
3.964,-0.096549
3.974,0.154628
3.984,0.422422
3.994,0.548759
4.004,0.482297
4.014,0.267344
4.024,-0.143102
4.034,-0.590522
4.044,-0.988844
4.054,-1.418899
4.064,-1.847758
4.074,-2.170037
4.084,-2.359543
4.094,-2.44292
4.104,-2.311942
4.114,-2.124981
4.124,-1.999392
4.134,-2.027833
4.144,-2.106569
4.154,-1.881887
4.164,-1.701811
4.17400512695312,-1.849853
4.184,-2.130669
4.195,-2.575993
4.205,-2.968627
4.215,-2.720742
4.225,-1.917363
4.235,-1.244662
4.245,-0.467029
4.255,0.233814
4.265,0.689466
4.275,1.345402
4.285,1.871558
4.295,1.906585
4.305,1.805096
4.315,1.799408
4.325,1.951492
4.335,2.0916
4.345,2.097438
4.355,2.192042
4.365,2.374213
4.375,2.478995
4.385,2.443219
4.395,2.29383
4.405,2.12573
4.415,2.008074
4.425,1.842818
4.435,1.665437
4.445,1.535806
4.455,1.417702
4.465,1.294059
4.475,1.147514
4.486,1.050066
4.496,0.918041
4.506,0.786764
4.516,0.665666
4.526,0.599952
4.536,0.558638
4.546,0.512235
4.556,0.520168
4.566,0.555794
4.576,0.546364
4.586,0.402663
4.596,0.34623
4.606,0.345931
4.616,0.362696
4.626,0.373174
4.636,0.470771
4.646,0.596959
4.656,0.675994
4.666,0.771795
4.676,0.880918
4.686,0.80802
4.696,0.681533
4.706,0.580942
4.716,0.500858
4.726,0.373773
4.736,0.393532
4.746,0.396675
4.756,0.380359
4.766,0.362097
4.777,0.37527
4.787,0.47137
4.797,0.541274
4.807,0.596809
4.817,0.63019
4.827,0.646655
4.837,0.655786
4.847,0.695304
4.857,0.696352
4.867,0.617316
4.877,0.616119
4.887,0.65893
4.897,0.677641
4.907,0.709225
4.917,0.744552
4.927,0.777633
4.937,0.789608
4.947,0.751587
4.957,0.720003
4.967,0.696801
4.977,0.641117
4.987,0.579445
4.997,0.550106
5.007,0.562381
5.017,0.59172
5.027,0.598306
5.037,0.609832
5.047,0.62046
5.057,0.640069
5.067,0.656984
5.078,0.675545
5.088,0.662073
5.098,0.675845
5.108,0.680186
5.118,0.653092
5.128,0.643661
5.138,0.618663
5.148,0.625699
5.158,0.68303
5.168,0.686922
5.178,0.572859
5.188,0.584834
5.198,0.493673
5.208,0.368234
5.218,0.292492
5.228,0.178579
5.238,0.021705
5.248,-0.130079
5.258,-0.075593
5.268,0.035327
5.278,0.168699
5.288,0.246986
5.298,0.33665
5.308,0.538879
5.318,0.770448
5.328,1.092279
5.338,1.430725
5.348,1.667532
5.358,1.800007
5.369,1.966012
5.379,2.119293
5.389,2.246977
5.399,2.319876
5.409,2.391726
5.419,2.581532
5.429,2.858156
5.439,3.144361
5.449,3.423231
5.459,3.669769
5.469,3.75584
5.479,3.828139
5.48900512695313,3.898343
5.499,3.977978
5.509,4.071384
5.519,4.245022
5.529,4.381389
5.53899462890625,4.445905
5.549,4.447102
5.559,4.302204
5.569,4.123924
5.579,4.101321
5.589,4.071683
5.599,3.977529
5.609,3.869902
5.619,3.841013
5.629,3.888763
5.639,3.94819
5.649,4.00103
5.66,3.789669
5.67,3.100802
5.68,2.374063
5.69,1.806443
5.7,1.060096
5.71,-0.145048
5.72,-1.152453
5.73,-1.893562
5.74,-2.628235
5.75,-3.387905
5.76,-3.661985
5.77,-3.014881
5.78,-2.07753
5.79,-1.504222
5.8,-0.733924
5.81000512695312,0.091759
5.82,0.839903
5.83,1.535806
5.84,2.071842
5.85,2.422113
5.85999487304688,2.491269
5.87,2.434687
5.88,2.198778
5.89,2.038012
5.9,2.140249
5.91,2.323468
5.92,2.50519
5.93,2.73122
5.94,2.91878
5.951,3.229384
5.961,3.333568
5.971,3.269351
5.981,3.164719
5.991,2.847229
6.001,2.405198
6.011,2.139651
6.021,1.90419
6.031,1.750909
6.041,1.696722
6.051,1.641786
6.061,1.671574
6.071,1.759741
6.081,1.852548
6.091,1.968556
6.101,1.982028
6.111,2.021696
6.121,1.989213
6.131,1.929637
6.141,1.871408
6.151,1.855392
6.161,1.801354
6.171,1.734443
6.181,1.721121
6.191,1.739832
6.201,1.75061
6.211,1.712439
6.221,1.69283
6.231,1.656755
6.242,1.645528
6.252,1.597478
6.262,1.59164
6.272,1.60616
6.282,1.603017
6.292,1.674119
6.302,1.74552
6.312,1.815874
6.322,1.90913
6.332,1.931134
6.342,1.917662
6.352,1.914818
6.362,1.958827
6.372,1.927991
6.382,1.972897
6.392,1.925147
6.402,1.879192
6.412,1.935475
6.422,1.954037
6.432,1.97619
6.442,2.024839
6.452,2.035168
6.462,1.967958
6.472,1.949247
6.482,1.952091
6.492,1.926045
6.50199487304687,1.896107
6.512,1.892365
6.522,1.859882
6.533,1.826053
6.543,1.833687
6.553,1.87081
6.563,1.902244
6.573,1.872456
6.583,1.864523
6.593,1.943558
6.603,1.970053
6.613,1.966311
6.623,1.957629
6.633,1.950743
6.643,1.876198
6.653,1.770518
6.663,1.710493
6.673,1.673221
6.683,1.682501
6.693,1.704356
6.703,1.711092
6.713,1.72172
6.723,1.745221
6.733,1.787433
6.743,1.892365
6.753,1.969754
6.763,1.955384
6.773,1.921404
6.783,1.885779
6.793,1.915117
6.803,1.973496
6.813,1.946402
6.824,1.868714
6.834,1.711391
6.844,1.602717
6.854,1.348396
6.864,1.154399
6.874,1.083597
6.884,1.074316
6.894,1.110541
6.904,1.148412
6.914,1.195414
6.924,1.227897
6.934,1.272953
6.944,1.309627
6.954,1.249302
6.964,1.187032
6.974,1.207838
6.984,1.242716
6.994,1.30334
7.004,1.351839
7.014,1.373544
7.024,1.438509
7.034,1.430126
7.044,1.392105
7.054,1.364712
7.064,1.404978
7.074,1.426683
7.084,1.430874
7.094,1.420845
7.104,1.419648
7.115,1.51021
7.12500512695313,1.649719
7.135,1.769021
7.145,1.831142
7.155,1.896406
7.165,1.883833
7.175,1.732647
7.185,1.528322
7.195,1.362766
7.205,1.210682
7.215,1.141826
7.225,1.318907
7.235,1.512455
7.245,1.455274
7.255,1.36576
7.265,1.330433
7.275,1.182541
7.285,1.074765
7.295,1.119372
7.305,1.166225
7.315,1.277294
7.325,1.475781
7.335,1.598676
7.345,1.647624
7.355,1.813928
7.365,1.91377
7.375,1.990261
7.385,2.00523
7.395,2.073189
7.405,1.999392
7.416,1.87066
7.426,1.986369
7.436,2.169439
7.44600512695312,2.321672
7.456,2.394421
7.466,2.368674
7.476,2.33709
7.486,2.315834
7.49599487304688,2.364333
7.506,2.420317
7.516,2.394421
7.526,2.382745
7.536,2.482288
7.546,2.743645
7.556,3.047213
7.566,3.407065
7.576,3.654351
7.586,3.71707
7.596,3.691773
7.606,3.666925
7.616,3.767815
7.626,3.92873
7.636,4.01076
7.646,3.925736
7.656,3.761079
7.666,3.634592
7.676,3.513943
7.686,3.401976
7.696,3.15918
7.707,2.954406
7.717,2.746788
7.727,2.430945
7.737,2.073788
7.747,1.714684
7.757,1.383273
7.76700512695312,1.061443
7.777,0.867147
7.787,0.791853
7.797,0.722997
7.807,0.797242
7.81699487304688,0.891097
7.827,0.822689
7.837,0.645009
7.847,0.441881
7.857,0.293689
7.867,0.142354
7.877,0.001347
7.887,-0.108075
7.897,-0.198787
7.907,-0.17798
7.917,-0.036524
7.927,0.121547
7.937,0.34144
7.947,0.563578
7.957,0.78392
7.967,0.893492
7.977,0.89918
7.987,0.917292
7.998,1.011746
8.008,1.135539
8.018,1.324895
8.028,1.518592
8.038,1.659
8.048,1.838177
8.058,1.955983
8.068,2.104773
8.078,2.33724
8.088,2.502795
8.098,2.605332
8.108,2.70263
8.118,2.852917
8.128,2.99093
8.13799487304687,3.132087
8.148,3.249742
8.158,3.285518
8.168,3.340154
8.178,3.294499
8.188,3.133584
8.198,2.921774
8.208,2.858755
8.218,2.805316
8.228,2.888693
8.238,3.286416
8.248,3.469785
8.258,3.19316
8.268,3.512146
8.278,3.468886
8.289,3.533253
8.299,3.342549
8.309,3.189268
8.319,3.228786
8.329,3.360961
8.339,3.25079
8.349,3.033442
8.359,2.862497
8.369,2.718197
8.379,2.623744
8.389,2.589166
8.399,2.511028
8.409,2.502346
8.419,2.633923
8.429,2.739603
8.439,2.660268
8.449,2.455793
8.459,2.182162
8.469,1.96676
8.479,1.831142
8.489,1.790427
8.499,1.773512
8.509,1.665437
8.519,1.403182
8.529,1.103954
8.539,0.857567
8.549,0.691412
8.559,0.629291
8.569,0.589474
8.58,0.490081
8.59,0.411045
8.6,0.393681
8.61,0.401315
8.62,0.334704
8.63,0.268542
8.64,0.237107
8.65,0.186961
8.66,0.09595
8.67,-0.005988
8.68,-0.053738
8.69,-0.129331
8.7,-0.093555
8.71,0.130229
8.72,0.313598
8.73,0.432002
8.74,0.557291
8.75,0.669857
8.76,0.8658
8.77,0.791255
8.78,0.576302
8.79,0.843795
8.8,1.314716
8.81,1.597478
8.82,1.739982
8.83,1.987866
8.84,2.212848
8.85,2.257156
8.86,2.572999
8.871,3.112627
8.881,3.661236
8.891,4.07303
8.901,4.261788
8.911,4.309389
8.921,4.12108
8.931,3.841013
8.941,3.512895
8.951,3.167713
8.961,2.855312
8.971,2.552043
8.981,2.31808
8.991,2.305356
9.001,2.416874
9.011,2.421514
9.021,2.350113
9.031,2.280807
9.041,2.214196
9.051,2.087559
9.061,1.896706
9.071,1.644181
9.081,1.430725
9.091,1.321003
9.101,1.362018
9.111,1.545835
9.121,1.547183
9.131,1.54838
9.141,1.453627
9.151,1.251098
9.162,1.126258
9.172,1.114283
9.182,1.258583
9.192,1.37534
9.202,1.337918
9.212,1.166973
9.222,0.930166
9.232,0.714764
9.242,0.425565
9.252,0.195793
9.262,0.212408
9.272,0.589474
9.282,0.538879
9.292,0.179477
9.302,0.154479
9.312,0.069905
9.322,-0.19714
9.332,-0.470921
9.342,-0.462388
9.352,-0.027992
9.362,0.444725
9.372,0.688119
9.382,0.44218
9.392,0.051194
9.402,-0.156125
9.412,-0.415087
9.422,-0.569416
9.432,-0.46179
9.442,-0.13951
9.45299487304687,0.179177
9.463,0.42781
9.473,0.528251
9.483,0.506996
9.493,0.52885
9.503,0.560734
9.513,0.569566
9.523,0.667462
9.533,0.88002
9.543,0.935105
9.553,0.810115
9.563,0.588875
9.573,0.38455
9.583,0.144899
9.593,-0.008832
9.603,0.209864
9.613,0.528251
9.623,0.671953
9.633,0.534688
9.643,0.323178
9.653,0.156724
9.663,-0.085323
9.673,-0.278122
9.683,-0.359253
9.693,-0.576152
9.703,-0.890349
9.713,-0.790955
9.723,-0.73557
9.733,-0.722997
9.743,-0.5769
9.754,-0.518073
9.764,-0.684377
9.77399487304688,-0.760119
9.784,-0.93286
9.794,-1.204246
9.804,-1.606609
9.814,-1.777104
9.824,-1.757196
9.834,-1.664389
9.844,-1.550925
9.854,-1.666634
9.864,-2.113904
9.874,-2.753674
9.884,-3.215463
9.894,-3.415597
9.904,-3.142565
9.914,-2.429747
9.924,-1.8512
9.934,-1.803899
9.944,-1.940116
9.954,-1.917662
9.964,-1.781745
9.974,-1.623524
9.984,-1.540447
9.994,-1.445694
10.004,-1.359922
10.014,-1.38956
10.024,-1.777254
10.034,-1.845812
10.045,-1.512305
10.055,-1.296454
10.065,-0.968336
10.075,-0.635728
10.085,-0.008682
10.0949948730469,0.550705
10.105,1.030158
10.115,1.94775
10.125,1.772764
10.135,0.631836
10.145,-0.450713
10.155,-0.678838
10.165,-0.646057
10.175,-0.488734
10.185,-0.267793
10.195,-0.327519
10.205,-0.400567
10.215,-0.232018
10.225,-0.186662
10.235,-0.058977
10.245,-0.071102
10.255,-0.218845
10.265,-0.28381
10.275,-0.027842
10.285,0.506247
10.295,0.597857
10.305,0.996628
10.315,1.36561
10.325,1.520538
10.336,1.931134
10.346,2.276765
10.356,2.597698
10.366,2.033521
10.376,1.873953
10.386,1.9476
10.396,1.32235
10.406,0.855022
10.416,0.61088
10.426,0.473316
10.436,0.523012
10.446,0.8173
10.456,1.162632
10.466,1.441951
10.476,1.874702
10.486,2.379901
10.496,2.136806
10.506,1.861679
10.516,2.225871
10.526,2.047742
10.536,1.770967
10.546,1.597478
10.556,1.704206
10.566,1.914369
10.576,1.960773
10.586,2.004332
10.596,2.302063
10.606,2.57285
10.616,2.640659
10.627,2.711461
10.637,2.68347
10.647,2.518662
10.657,2.347718
10.667,2.536625
10.677,2.908302
10.687,3.099006
10.697,3.08703
10.707,2.995571
10.717,2.851121
10.727,2.765499
10.737,2.627336
10.747,2.521207
10.757,2.411635
10.767,2.393972
10.777,2.490072
10.787,2.670896
10.797,2.877317
10.807,3.139122
10.817,3.208428
10.827,3.186573
10.837,3.204985
10.847,3.151247
10.857,3.118166
10.867,3.142715
10.877,3.114873
10.887,3.068768
10.897,3.100502
10.907,3.015629
10.918,2.965783
10.928,2.958598
10.938,2.910398
10.948,2.869682
10.958,2.875969
10.968,2.889142
10.978,2.927462
10.988,3.090324
10.998,3.204985
11.008,3.204536
11.018,3.196154
11.028,3.309917
11.038,3.395838
11.048,3.439697
11.058,3.43371
11.068,3.377127
11.078,3.328927
11.088,3.348237
11.098,3.373535
11.108,3.353027
11.118,3.393443
11.128,3.467839
11.138,3.556754
11.148,3.608396
11.158,3.604953
11.168,3.570525
11.178,3.523822
11.188,3.489693
11.198,3.483706
11.209,3.511847
11.219,3.522176
11.229,3.571723
11.239,3.560496
11.249,3.516338
11.259,3.518583
11.269,3.469186
11.279,3.400479
11.289,3.331921
11.299,3.251389
11.309,3.206482
11.319,3.201393
11.329,3.193459
11.339,3.147355
11.349,3.137326
11.359,3.177742
11.369,3.224894
11.379,3.146607
11.389,3.106939
11.399,3.057093
11.409,2.951862
11.419,2.951562
11.429,2.973117
11.439,2.963837
11.449,2.991679
11.459,3.043022
11.469,3.080145
11.479,3.126099
11.489,3.128644
11.5,3.094365
11.51,3.081791
11.52,3.106191
11.53,3.136128
11.54,3.179388
11.55,3.253335
11.56,3.315156
11.57,3.387905
11.58,3.405269
11.59,3.330424
11.6,4.070036
11.61,5.362149
11.62,2.415078
11.63,1.434018
11.64,1.989662
11.65,2.116449
11.66,2.449806
11.67,2.663711
11.68,2.814298
11.69,2.74574
11.7,2.858605
11.71,3.076103
11.72,3.247347
11.73,3.326383
11.74,3.220403
11.7500051269531,3.080893
11.76,2.975512
11.77,2.96683
11.78,3.014282
11.791,3.034041
11.801,3.025359
11.811,2.999912
11.821,2.960993
11.831,2.95755
11.841,2.931803
11.851,2.83226
11.861,2.723137
11.871,2.643203
11.881,2.62554
11.891,2.700983
11.901,2.840343
11.911,3.016677
11.921,3.11113
11.931,3.176095
11.941,3.252886
11.951,3.29884
11.961,3.364553
11.971,3.660338
11.981,7.213799
11.991,5.522915
12.001,1.539998
12.011,0.002395
12.021,0.584834
12.031,0.926423
12.041,2.030827
12.051,2.565365
12.061,2.163152
12.071,2.572401
12.081,2.946772
12.092,3.31321
12.102,3.609893
12.112,3.651806
12.122,3.566334
12.132,3.446583
12.142,3.263214
12.152,3.162923
12.162,3.118016
12.172,3.120411
12.182,3.044369
12.192,2.951712
12.202,2.935546
12.212,2.912344
12.222,2.907254
12.232,2.888244
12.242,2.900069
12.252,2.905009
12.262,2.897076
12.272,2.999163
12.282,3.062781
12.292,3.095413
12.302,3.088677
12.312,3.083887
12.322,3.113226
12.332,3.134482
12.342,3.190765
12.352,3.252437
12.362,3.287613
12.372,3.224594
12.383,4.048182
12.393,6.482719
12.403,3.594326
12.413,0.624352
12.423,0.89933
12.433,1.357377
12.443,1.980831
12.453,2.472558
12.463,2.545307
12.473,2.703229
12.483,2.783162
12.493,3.117567
12.503,3.47173
12.513,3.479664
12.523,3.463797
12.533,3.459755
12.543,3.451972
12.553,3.456612
12.563,3.421136
12.573,3.357518
12.583,3.335963
12.593,3.36141
12.603,3.382965
12.613,3.430566
12.623,3.431464
12.633,3.341352
12.643,3.268902
12.653,3.195854
12.663,3.133584
12.674,3.149451
12.684,3.170856
12.694,3.200195
12.704,3.265909
12.714,3.327281
12.724,3.406167
12.734,3.477119
12.744,3.520379
12.754,3.47697
12.764,3.454666
12.774,3.377127
12.784,3.548072
12.794,7.214547
12.804,5.080884
12.814,0.960253
12.824,0.565973
12.834,0.747995
12.844,1.047073
12.854,2.026486
12.864,2.633623
12.874,2.581831
12.884,2.980003
12.894,3.324137
12.904,3.393743
12.914,3.448529
12.924,3.403772
12.934,3.359763
12.944,3.384462
12.954,3.469186
12.965,3.484604
12.975,3.455115
12.985,3.371289
12.995,3.179538
13.005,2.949167
13.015,2.826422
13.025,2.840044
13.035,2.926115
13.045,2.971321
13.055,3.020419
13.065,2.955155
13.075,2.821483
13.085,2.749632
13.095,2.789898
13.105,2.930755
13.115,3.088527
13.125,3.166066
13.135,3.1978
13.145,3.160977
13.155,3.052901
13.165,2.968178
13.175,2.813849
13.185,2.657124
13.195,2.56297
13.205,2.531386
13.215,2.57734
13.225,2.598746
13.235,2.676135
13.245,2.74125
13.256,2.754272
13.266,2.755021
13.276,2.811603
13.286,2.839745
13.296,2.833158
13.306,2.845583
13.316,2.865641
13.326,2.876568
13.336,2.916086
13.346,3.027604
13.356,3.08718
13.366,3.066074
13.376,3.033891
13.3860051269531,2.991978
13.396,2.956203
13.406,2.893932
13.416,2.949616
13.426,3.034639
13.436,3.094665
13.446,3.161575
13.456,3.200345
13.466,3.231779
13.476,3.225343
13.486,3.230133
13.496,3.205285
13.506,3.180287
13.516,3.166366
13.526,3.131937
13.536,3.093617
13.547,3.111579
13.557,3.155887
13.567,3.152744
13.577,3.109783
13.587,3.0776
13.597,3.059039
13.607,3.026856
13.617,3.014581
13.627,2.990182
13.637,2.974016
13.647,2.940485
13.657,2.925217
13.667,2.98165
13.677,2.973716
13.687,2.957999
13.697,2.965034
13.7070051269531,2.941084
13.717,2.943329
13.727,2.942281
13.737,2.976111
13.747,3.048411
13.757,3.075055
13.767,3.069667
13.777,3.0538
13.787,3.055147
13.797,3.071463
13.807,3.077301
13.817,3.107538
13.827,3.148103
13.838,3.187921
13.848,3.226091
13.858,3.239863
13.868,3.229684
13.878,3.204836
13.888,3.135081
13.898,3.10185
13.908,3.097509
13.918,3.104843
13.928,3.197501
13.938,3.223846
13.948,3.215164
13.958,3.211272
13.968,3.20753
13.978,3.186873
13.988,3.144212
13.998,3.138374
14.008,3.150049
14.018,3.178341
14.028,3.213368
14.038,3.239563
14.048,3.188669
14.058,3.1255
14.068,3.1258
14.0779948730469,3.185077
14.088,3.230133
14.098,3.288512
14.108,3.318898
14.118,3.273543
14.129,3.210075
14.139,3.16906
14.149,3.085833
14.159,3.062931
14.169,3.084336
14.179,3.128494
14.189,3.185825
14.199,3.196453
14.209,3.201093
14.219,3.216362
14.229,3.20738
14.239,3.19795
14.249,3.217559
14.259,3.254083
14.269,3.250341
14.279,3.284769
14.289,3.34674
14.299,3.338657
14.309,3.318
14.319,3.263813
14.329,3.298391
14.339,3.329077
14.349,6.132148
14.359,4.547244
14.369,1.295556
14.379,2.451153
14.389,2.098786
14.3989948730469,1.967059
14.409,2.580484
14.419,2.470612
14.43,2.393972
14.44,2.699935
14.45,2.986589
14.46,3.211871
14.47,3.304678
14.48,3.248844
14.49,3.111879
14.5,3.085833
14.51,3.155588
14.52,3.160827
14.53,3.066823
14.54,2.983596
14.55,2.870431
14.56,2.800377
14.57,2.801125
14.58,2.802921
14.59,2.834356
14.6,2.881807
14.61,2.940785
14.62,3.005001
14.63,3.088976
14.64,3.160677
14.65,3.184777
14.66,3.214715
14.67,3.252437
14.68,3.269651
14.69,3.262615
14.7,3.272944
14.71,3.265909
14.721,3.288212
14.731,3.295397
14.741,3.275788
14.751,3.323688
14.761,6.653963
14.771,4.091891
14.781,0.524809
14.791,2.62554
14.801,2.816094
14.811,2.349065
14.821,2.783013
14.831,2.763853
14.841,2.564467
14.851,2.7408
14.861,3.109484
14.871,3.468886
14.881,3.751349
14.891,3.817661
14.901,3.794609
14.911,3.672613
14.921,3.545677
14.931,3.402574
14.941,3.309767
14.951,3.220553
14.961,3.144661
14.971,3.042124
14.981,2.955005
14.991,2.900818
15.001,2.909649
15.012,2.960993
15.0220051269531,2.999014
15.032,3.073858
15.042,3.168162
15.052,3.240312
15.062,3.276836
15.072,3.261418
15.082,3.243605
15.092,3.259622
15.102,3.298092
15.112,3.319048
15.122,3.299439
15.132,3.259921
15.142,3.222499
15.152,3.192711
15.162,3.169958
15.172,3.208278
15.182,3.284769
15.192,4.465963
15.202,7.253317
15.212,1.074017
15.222,1.823209
15.232,2.567162
15.242,2.058669
15.252,2.917583
15.262,3.001558
15.272,2.867138
15.282,3.152444
15.292,3.539539
15.303,3.989204
15.313,4.259842
15.323,4.140989
15.333,3.848048
15.3430051269531,3.656446
15.353,3.623964
15.363,3.583398
15.373,3.463647
15.383,3.353476
15.3929948730469,3.263663
15.403,3.197201
15.413,3.147355
15.423,3.163072
15.433,3.214565
15.443,3.315755
15.453,3.381019
15.463,3.399131
15.473,3.401377
15.483,3.382366
15.493,3.379073
15.503,3.379073
15.513,3.449427
15.523,3.499573
15.533,3.485053
15.543,3.453319
15.553,3.404221
15.563,3.344196
15.573,3.314408
15.583,3.360212
15.594,3.474724
15.604,3.65944
15.614,8.170759
15.624,5.270091
15.634,-0.231419
15.644,1.845662
15.654,2.111509
15.664,2.605482
15.674,3.593727
15.684,3.511398
15.694,3.476371
15.704,3.823349
15.714,4.245471
15.724,4.480632
15.734,4.436474
15.744,4.230203
15.754,3.969595
15.764,3.819158
15.774,3.730542
15.784,3.6307
15.794,3.473078
15.804,3.300038
15.814,3.227888
15.824,3.2219
15.834,3.285218
15.844,3.378474
15.854,3.463647
15.864,3.533552
15.874,3.573669
15.885,3.562142
15.895,3.543282
15.905,3.526217
15.915,3.526217
15.925,3.578908
15.935,3.611839
15.945,3.614833
15.955,3.627107
15.965,3.633394
15.975,3.559448
15.985,3.478017
15.995,3.428321
16.005,3.375032
16.015,3.37084
16.025,3.418292
16.0349948730469,3.433859
16.045,3.430865
16.055,3.456013
16.065,3.454067
16.075,3.431464
16.085,3.347189
16.095,3.313809
16.105,3.312911
16.115,3.387156
16.125,3.49119
16.135,3.560795
16.145,3.53939
16.155,3.504063
16.165,3.49119
16.176,3.441942
16.186,3.393294
16.196,3.37563
16.206,3.371589
16.216,3.406317
16.226,3.383264
16.236,3.393144
16.246,3.403023
16.256,3.418292
16.266,3.39479
16.276,3.400179
16.286,3.446283
16.296,3.49104
16.306,3.540737
16.316,3.566783
16.326,3.562741
16.336,3.483855
16.346,3.398533
16.356,3.341052
16.366,3.369643
16.376,3.39479
16.386,3.453319
16.396,3.542384
16.406,3.571872
16.416,3.570525
16.426,3.515589
16.436,3.502566
16.446,3.48176
16.456,3.404371
16.466,3.362607
16.477,3.392994
16.487,3.375032
16.497,3.376678
16.507,3.422483
16.517,3.439248
16.527,3.421884
16.537,3.363506
16.547,3.354075
16.557,3.342849
16.567,3.359165
16.577,3.376978
16.587,3.418142
16.597,3.479065
16.607,3.500321
16.617,3.528013
16.627,3.495381
16.637,3.455265
16.647,3.42383
16.657,3.40467
16.667,3.445535
16.677,3.495232
16.687,3.557502
16.697,3.581153
16.707,3.577261
16.717,3.558101
16.727,3.527864
16.737,3.462599
16.747,3.403622
16.757,3.345842
16.768,3.304977
16.778,3.31336
16.788,3.350932
16.798,3.36126
16.808,3.363506
16.818,3.391198
16.828,3.401976
16.838,3.393294
16.848,3.368296
16.858,3.350183
16.868,3.341352
16.878,3.295697
16.888,3.310216
16.898,3.364404
16.908,3.388504
16.918,3.419339
16.928,3.44329
16.938,3.464845
16.948,3.450325
16.958,3.429818
16.968,3.383863
16.978,3.381768
16.988,3.381019
16.998,3.433859
17.008,3.498525
17.018,3.537893
17.028,3.557352
17.038,3.531157
17.048,3.48625
17.059,3.420836
17.069,3.420537
17.079,3.455564
17.089,3.472629
17.099,3.516188
17.109,3.512895
17.119,3.478167
17.129,3.445086
17.139,3.451523
17.149,3.45766
17.159,3.412154
17.169,3.389551
17.179,3.374583
17.189,3.388953
17.199,3.407813
17.209,3.363805
17.219,3.375331
17.229,3.428021
17.239,3.484753
17.249,3.543731
17.259,3.614983
17.269,3.641028
17.279,3.576213
17.289,3.454666
17.299,3.407664
17.309,4.888684
17.319,6.094427
17.329,2.204765
17.339,2.720742
17.3499948730469,2.729873
17.36,2.746189
17.37,3.237767
17.38,3.199447
17.39,3.109484
17.4,3.233276
17.41,3.407514
17.42,3.445984
17.43,3.408113
17.44,3.298391
17.45,3.16891
17.46,3.119962
17.47,3.136428
17.48,3.195555
17.49,3.216062
17.5,3.144661
17.51,3.07266
17.52,3.079247
17.53,3.150798
17.54,3.20738
17.55,3.233426
17.56,3.268453
17.57,3.326682
17.58,3.37084
17.59,3.453019
17.6,3.454965
17.61,3.430566
17.62,3.408861
17.63,3.430117
17.641,3.42877
17.651,3.413651
17.661,3.354225
17.6709948730469,3.322341
17.681,3.321742
17.691,3.30842
17.701,3.899541
17.711,6.561755
17.721,1.766626
17.731,1.873354
17.741,2.621948
17.751,1.963467
17.761,2.816693
17.771,2.992128
17.781,2.73646
17.791,3.089575
17.801,3.470234
17.811,3.782335
17.821,3.979924
17.831,3.951633
17.841,3.854784
17.851,3.836372
17.861,3.847449
17.871,3.826193
17.881,3.738925
17.891,3.565585
17.901,3.372786
17.911,3.229085
17.921,3.125351
17.932,3.090324
17.942,3.060386
17.952,3.057841
17.962,3.120261
17.972,3.191663
17.982,3.247347
17.992,3.327281
18.002,3.365751
18.012,3.409909
18.022,3.449876
18.032,3.451073
18.042,3.473676
18.052,3.497028
18.062,3.517535
18.072,3.478766
18.082,3.388504
18.092,3.338358
18.102,3.291505
18.112,4.860093
18.122,6.961873
18.132,1.227897
18.142,1.300047
18.152,2.793042
18.162,2.137256
18.172,2.152823
18.182,2.826422
18.192,2.595303
18.202,2.725981
18.212,3.162923
18.223,3.36635
18.233,3.471431
18.243,3.584296
18.253,3.604055
18.263,3.609893
18.273,3.578309
18.283,3.541186
18.293,3.475622
18.303,3.416046
18.313,3.329975
18.323,3.213667
18.333,3.141817
18.343,3.105442
18.353,3.10664
18.363,3.110232
18.373,3.15454
18.383,3.230582
18.393,3.300337
18.403,3.337759
18.413,3.306324
18.423,3.311264
18.433,3.311863
18.443,3.307971
18.453,3.27968
18.463,3.263214
18.473,3.254532
18.483,3.222948
18.493,3.18343
18.503,3.161725
18.514,3.163222
18.524,3.204836
18.534,3.290158
18.544,3.405269
18.554,3.533253
18.564,3.626658
18.574,6.925648
18.584,5.54462
18.594,0.284259
18.604,1.648821
18.614,1.90898
18.624,1.662593
18.634,2.474654
18.644,2.505789
18.654,2.22168
18.664,2.464774
18.674,2.870132
18.684,3.157085
18.694,3.397036
18.704,3.464246
18.714,3.387605
18.724,3.269351
18.734,3.167264
18.744,3.037484
18.754,2.821483
18.764,2.637665
18.774,2.491419
18.784,2.427352
18.794,2.447261
18.804,2.498754
18.815,2.607727
18.825,2.791994
18.835,2.98614
18.845,3.16906
18.855,3.205883
18.865,3.13553
18.875,3.175946
18.885,3.214416
18.895,3.229834
18.905,3.229983
18.915,3.229834
18.925,3.210673
18.935,3.21726
18.945,3.212769
18.955,3.175646
18.965,3.099006
18.975,2.964735
18.985,2.908602
18.995,2.951562
19.005,3.011438
19.015,3.067421
19.025,3.096012
19.035,3.114723
19.045,3.152145
19.055,3.187172
19.065,3.209925
19.075,3.225642
19.085,3.27489
19.095,3.281925
19.106,3.220104
19.116,3.224894
19.126,3.268304
19.136,3.304079
19.146,3.343747
19.156,3.316054
19.166,3.288062
19.176,3.272944
19.186,3.257227
19.196,3.232079
19.206,3.219056
19.216,3.182831
19.226,3.158432
19.236,3.179987
19.246,3.237468
19.256,3.266358
19.266,3.261418
19.276,3.264412
19.286,3.302882
19.296,3.335364
19.306,3.345842
19.316,3.366799
19.3260051269531,3.396138
19.336,3.429369
19.346,3.451523
19.356,3.516787
19.366,3.585793
19.376,3.62591
19.386,3.689528
19.397,3.704796
19.407,3.677103
19.417,3.626958
19.427,3.506458
19.437,3.406466
19.447,3.305576
19.457,3.193309
19.467,3.13538
19.477,3.090324
19.487,3.1258
19.497,3.190465
19.507,3.248096
19.517,3.308719
19.527,3.316354
19.537,3.371738
19.547,3.396287
19.557,3.355422
19.567,3.339256
19.577,3.348088
19.587,3.367248
19.597,3.386857
19.607,3.42847
19.617,3.457211
19.627,3.435506
19.637,3.431764
19.6470051269531,3.451223
19.657,3.48176
19.667,3.548671
19.677,3.602558
19.688,3.653453
19.698,3.613186
19.708,3.529361
19.718,3.483706
19.728,3.484604
19.738,3.488795
19.748,3.489693
19.758,3.518733
19.768,3.521876
19.778,3.488496
19.788,3.402425
19.798,3.360811
19.808,3.362458
19.818,3.374882
19.828,3.389851
19.838,3.386558
19.848,3.349135
19.858,3.319048
19.868,3.288212
19.878,3.200794
19.888,3.165018
19.898,3.216362
19.908,3.292254
19.918,3.421285
19.928,3.432213
19.938,3.448229
19.948,3.427423
19.958,3.334466
19.9680051269531,3.24091
19.979,3.180436
19.989,3.115172
19.999,3.153792
20.009,3.272195
20.019,3.319647
20.029,3.273992
20.039,3.384612
20.049,3.614384
20.059,3.718867
20.069,3.420986
20.079,3.123704
20.089,2.934947
20.099,2.596351
20.109,2.36104
20.119,2.473756
20.129,2.897225
20.139,3.359614
20.149,3.533402
20.159,3.46724
20.169,3.273842
20.179,2.979105
20.189,2.752476
20.199,2.604584
20.209,2.438579
20.219,2.305805
20.229,2.248025
20.239,2.253115
20.249,2.436932
20.259,2.710414
20.27,2.916385
20.28,3.02012
20.29,2.945425
20.3,2.838996
20.31,2.946922
20.32,3.300038
20.33,2.732268
20.34,2.036365
20.35,1.629661
20.36,1.766177
20.37,2.311194
20.38,2.623295
20.39,2.60144
20.4,2.503095
20.41,2.446363
20.42,2.884502
20.43,3.437601
20.44,3.873196
20.45,4.263434
20.46,5.021757
20.47,4.391568
20.48,3.672164
20.49,3.250341
20.5,2.756967
20.51,3.040028
20.52,3.295996
20.53,2.559378
20.54,1.681304
20.55,1.831292
20.561,2.771487
20.571,3.607648
20.581,4.172723
20.591,4.220024
20.601,4.024082
20.611,3.25079
20.621,2.016906
20.631,1.633254
20.641,1.927093
20.651,2.073338
20.661,2.436334
20.671,2.697091
20.681,0.850681
20.691,-0.687071
20.701,0.371677
20.711,0.919837
20.721,0.438588
20.731,0.305664
20.741,0.037123
20.751,0.145797
20.761,1.815874
20.771,2.693649
20.781,2.134561
20.791,1.532663
20.801,0.992736
20.811,0.026944
20.821,-1.100811
20.831,-1.751807
20.841,-0.865949
20.851,0.573757
20.862,1.237177
20.872,0.932112
20.882,0.529748
20.892,0.66836
20.902,1.293909
20.912,1.670826
20.922,1.275797
20.932,0.819695
20.942,0.584684
20.952,0.491578
20.962,1.246907
20.972,1.783242
20.982,1.79372
20.992,1.514401
21.002,1.297801
21.012,1.578468
21.022,1.281335
21.032,0.651894
21.042,-0.205373
21.052,-0.255219
21.062,1.879641
21.072,3.01503
21.082,0.672851
21.092,-1.339864
21.102,-0.713716
21.112,0.656385
21.122,1.105451
21.132,0.846639
21.142,0.606389
21.153,0.878972
21.163,0.933609
21.173,1.063389
21.183,0.623603
21.193,-0.126786
21.203,-1.092578
21.213,-0.288151
21.223,0.620759
21.233,0.753683
21.243,0.933309
21.253,0.720901
21.263,0.183518
21.273,0.114512
21.2830051269531,0.202679
21.293,0.864153
21.303,-1.124312
21.313,-0.756377
21.323,0.066462
21.333,-0.306562
21.343,-0.144749
21.353,-0.199086
21.363,0.453707
21.373,0.883313
21.383,0.249232
21.393,0.653092
21.403,0.712518
21.413,0.378263
21.423,0.354014
21.433,-0.113913
21.444,-0.338596
21.454,-0.445174
21.464,-0.184716
21.474,0.312999
21.484,0.258213
21.494,0.228874
21.504,0.260458
21.514,0.265548
21.524,0.215552
21.534,0.22588
21.544,0.267793
21.554,0.261357
21.564,0.271984
21.574,0.25986
21.584,0.251776
21.594,0.261506
21.604,0.247885
21.614,0.23067
21.624,0.228874
21.634,0.236808
21.644,0.246687
21.6539948730469,0.251028
21.664,0.255219
21.674,0.252225
21.684,0.248783
21.694,0.23576
21.704,0.241598
21.714,0.247885
21.724,0.248783
21.735,0.262554
21.745,0.255968
21.755,0.251178
21.765,0.242645
21.775,0.25956
21.785,0.274529
21.795,0.285905
21.805,0.291594
21.815,0.252076
21.825,0.245939
21.835,0.268841
21.845,0.218546
21.855,0.216899
21.865,0.254321
21.875,0.273182
21.885,0.290246
21.895,0.214354
21.905,0.231269
21.915,0.292492
21.9250051269531,0.248483
21.935,0.22618
21.945,0.27423
21.955,0.244292
21.965,0.260608
21.9749948730469,0.243693
21.985,0.260159
21.995,0.260758
22.005,0.233664
22.015,0.227227
22.026,0.271835
22.036,0.294288
22.046,0.268242
22.056,0.242795
22.066,0.223635
22.076,0.242945
22.086,0.236508
22.096,0.261057
22.106,0.257016
22.116,0.266147
22.126,0.252824
22.136,0.255369
22.146,0.246986
22.156,0.25492
22.166,0.272433
22.176,0.260758
22.186,0.252076
22.196,0.24519
22.206,0.239352
22.216,0.243843
22.226,0.24025
22.236,0.248184
22.246,0.275128
22.256,0.274828
22.266,0.267494
22.276,0.243244
22.286,0.248334
22.2959948730469,0.24504
22.306,0.250878
22.317,0.246837
22.327,0.257165
22.337,0.258812
22.347,0.25956
22.357,0.247136
22.367,0.239502
22.377,0.252076
22.387,0.266296
22.397,0.260608
22.407,0.257165
22.417,0.24983
22.427,0.261357
22.437,0.260758
22.447,0.258512
22.457,0.248783
22.467,0.255219
22.477,0.29324
22.487,0.253273
22.497,0.185015
22.507,0.282762
22.517,0.245639
22.527,0.194446
22.537,0.280068
22.547,0.267643
22.557,0.24534
22.567,0.263452
22.577,0.243094
22.587,0.279768
22.597,0.268242
22.608,0.238454
22.618,0.273182
22.628,0.24504
22.638,0.204175
22.648,0.242795
22.658,0.244741
22.668,0.243544
22.678,0.290246
22.688,0.256866
22.698,0.246238
22.708,0.250429
22.718,0.258961
22.728,0.276924
22.738,0.25971
22.748,0.243993
22.758,0.257165
22.768,0.24983
22.778,0.240999
22.788,0.252675
22.798,0.246088
22.808,0.256117
22.818,0.252525
22.828,0.236957
22.838,0.22109
22.848,0.236059
22.858,0.24504
22.868,0.265997
22.878,0.27393
22.888,0.26914
22.899,0.25028
22.909,0.227078
22.9190051269531,0.229772
22.929,0.251926
22.939,0.255668
22.949,0.254471
22.959,0.255818
22.969,0.210762
22.979,0.246986
22.989,0.252974
22.999,0.239951
23.009,0.282163
23.019,0.252824
23.029,0.272583
23.039,0.208516
23.049,0.19729
23.059,0.258213
23.069,0.299527
23.079,0.2645
23.089,0.235011
23.099,0.236658
23.109,0.267045
23.119,0.224832
23.129,0.210163
23.139,0.241448
23.149,0.258961
23.159,0.242795
23.169,0.253423
23.179,0.274978
23.189,0.265398
23.2,0.242496
23.21,0.252824
23.22,0.268392
23.23,0.27887
23.2400051269531,0.236658
23.25,0.228874
23.26,0.233514
23.27,0.240849
23.28,0.245639
23.29,0.253423
23.3,0.251627
23.31,0.261506
23.32,0.259411
23.33,0.257315
23.34,0.255219
23.35,0.247735
23.36,0.241149
23.37,0.277224
23.38,0.262853
23.39,0.260608
23.4,0.248932
23.41,0.256566
23.42,0.285007
23.43,0.262853
23.44,0.201331
23.45,0.220941
23.46,0.276026
23.47,0.268542
23.48,0.226479
23.491,0.242945
23.501,0.268242
23.511,0.267494
23.521,0.25028
23.531,0.254471
23.541,0.25492
23.551,0.249082
23.561,0.246986
23.571,0.279918
23.581,0.262554
23.591,0.213755
23.601,0.21645
23.6109948730469,0.244741
23.621,0.253124
23.631,0.268691
23.641,0.267643
23.651,0.271984
23.661,0.211211
23.671,0.082928
23.681,0.380209
23.691,0.332608
